,0,1,2,3,4,5,6,7,8,9,10,11,12,13,14
"111 - Milk, cow's, fluid, 2% fat",5.533371639635956,7.545099718288955,3.3066700488802434,0.0,0.0,0.0,1.9935646099788722,0.8465893493419488,1.063623983815109,1.1588721099419395,1.7001616235671848,0.821788188958149,0.0,1.6936454151514517,1.382249940776205
"112 - Milk, evaporated, whole (formerly NS as to dilution, used in coffee or tea)",0.04459263135185741,0.08503311631455675,0.12748664041397886,0.0,0.0978201176465784,0.0,0.0,0.09692112381691681,0.36516439907007825,0.0720702971380032,0.34575586789334983,0.001381505734913249,0.0,0.28837747994047364,0.0
"113 - Milk, soy, ready-to-drink, not baby's",3.332410807034116,0.0,0.24855793541637977,0.0,0.24808772374283178,0.009189852731758277,0.0,0.0,0.6906466984873462,0.0,0.0,0.0,0.0,0.424542642809063,0.0
"114 - Yogurt, fruit variety, lowfat milk",11.497430138076583,0.0,0.6370276537931041,0.0,0.0,0.0,0.0,0.0,0.0,0.15376743298041395,0.01039069401310344,0.2844934396337425,0.0,0.0,0.0
115 - Cafe con leche,0.0,0.0,0.0,0.0,0.0,0.0,0.0,0.0,0.0,0.0,21.97334966638384,0.0,0.0,0.0,0.0
"116 - Meal supplement or replacement, commercially prepared, ready-to-drink",0.1413446046949289,0.0,0.2718633699823032,0.0,0.25233109445835167,0.0,0.0,0.07314397845267696,0.0,0.12946616366764754,0.17274754147087903,0.12257590192320895,0.2725885613508737,0.0,0.1554706313147583
"118 - Cocoa (or chocolate) flavored beverage powder with sugar, dry mix, not reconstituted",0.7417861959550551,0.00018431961155583699,0.3029204543350422,0.0,0.0,0.0,0.18824094803803398,0.0,0.1421523643331053,0.037426641743042444,0.5026161322625221,0.08562811086787424,0.05297048317921411,0.03279324009976177,0.14435373453157016
"121 - Cream, half and half",2.6732200405287103,2.1532074536487817,0.19329157580020226,0.3628476338121698,0.13424892134701374,0.0,0.35929237912122924,0.0,0.0,0.22390221015473658,0.0,0.0,0.0,0.0,0.0
"122 - Cream substitute, powdered",1.3406262096667014,3.056626769638635,0.49061670427469306,0.02953620217940539,0.0,0.0,1.4865751135700231,0.5580318474944919,0.0,0.7638980306429712,0.0,0.0,0.07770457205388327,0.4688803036655228,0.0
123 - Sour cream,0.6774846145888266,0.9971407821157292,0.0,0.45924766646191273,0.0,1.1267914365985794,1.621237498410687,0.0,0.008755922693504227,0.0,0.0,0.0,0.3724572204599878,0.0,0.0
"131 - Ice cream, regular, flavors other than chocolate",1.6961014514882629,7.7150060117699075,0.0,0.0,0.2677133332581585,0.0,0.0,1.2051594154266188,0.0,0.008916016369465811,0.0,0.0,0.0,0.0,1.8468457229924484
"132 - Pudding, rice",0.9896060963817226,1.028846915321854,0.0,0.0,0.9601393744977951,0.19220319834536662,0.0,0.3640506601791598,0.0,0.5243878089110026,1.110356540522897,0.13446238143338377,0.0,0.0,0.17320746302647694
"134 - White sauce, milk sauce",0.10084937673144301,0.14579343390681854,0.0,0.21673892921884247,0.1965821591796897,0.0,0.0,0.4595968528422229,0.0,0.053238753470036516,0.0,0.0,0.0017014504768225714,0.0,0.04857621384434032
"140 - Cheese, NFS",1.16853778704342,1.932002133843168,0.9365550499504492,0.6758610268828157,0.07388828073311655,0.28869627045234114,0.8106063192992574,0.0,0.0,0.0,0.26615094769513775,0.0,0.838479533207416,0.0,0.0
"141 - Cheese, natural, Cheddar or American type",3.6582309738043324,4.1786441642111996,0.7711117556123814,0.9715050980253155,0.0,0.9140243298292581,1.2746429752193522,0.0,0.2720110412783164,0.0,0.3968611126435161,0.21099281634942088,0.0,0.13000050308429287,0.07168798289370457
"142 - Cheese, cottage, lowfat (1-2% fat)",3.070166602678556,0.42211308368102074,0.0,0.0,0.0,0.0,0.0,0.08488437944266589,0.0,0.21616138773025537,0.0,0.0,0.0,0.0,0.0
"143 - Cheese, cream",0.5904090746556535,0.784677970916605,0.4207456256969582,0.3919602220802888,0.1010101425337106,0.0,0.0,0.0,0.19158862098260795,0.0,0.03767131646149707,0.013842925972738314,0.0,0.0,0.022406330720519233
"144 - Cheese, processed, American or Cheddar type",0.0,4.031116576877977,0.5012384051605967,1.0515367698309968,0.5227042232012312,0.23221407926273155,0.0,0.09322793212735936,0.30941445640123405,0.0,0.05676059280772112,0.0,0.37413977432976897,0.0,0.0
"146 - Dip, cheese base other than cream cheese",0.3478699243088529,0.7172560443088151,0.2851575577230754,0.3017093803353097,0.1337154073689213,0.0,0.0,0.05152541816961183,0.0,0.0,0.1777561446284696,0.0,0.7284792730834933,0.0,0.0
"210 - Beef, NS as to cut, cooked, NS as to fat eaten",0.0,0.0,0.0,0.09522078912255037,0.10612414110441162,0.005952337587526702,1.2337758335209987,0.0,0.0,0.0,0.275945131572374,0.15395989317832365,0.07140885155445603,0.2617243892479172,0.23027314275815147
"211 - Beef steak, broiled or baked, lean only eaten",0.5863052472594044,0.0,0.0,1.2600633799940175,0.0,0.7463350602391011,5.905859263625301,3.274221489418418,0.20521992419460594,0.0,0.07895013311690369,0.0,0.00757241981523475,0.0,0.0
"213 - Beef, shortribs, cooked, lean only eaten",0.0,0.027194869108407294,0.12833881567736977,0.14150973454808424,0.5391988934158803,0.3162190654611341,0.10365426992841781,0.0,0.011859715896732365,0.0,0.0,0.2127838962470822,0.0,0.0,0.0
"214 - Beef, roast, roasted, lean only eaten",0.22063629300859053,0.8343362597088172,0.0,0.41224474193784144,0.5173825173004966,0.34518447045877415,0.0,3.24172544106317,0.0,0.0,0.14017613504886453,0.0,0.0,0.0,0.02293076133496854
"215 - Ground beef or patty, cooked, NS as to percent lean (formerly NS as to regular, lean, or extra lean)",0.0,4.7780378284431855,0.0,1.5583853875142706,0.0,0.02774111744672063,2.721969862228222,0.0,0.0,0.0,0.0,0.0,0.7416137962227936,0.0,0.0
216 - Beef jerky,0.26172716756630543,0.42461012701084444,0.14769213471145484,0.2341415314656646,0.0,0.0,0.14383189850861028,0.0,0.0,0.0,0.0,0.0,0.07032616472653992,0.0,0.0
"220 - Pork, NS as to cut, cooked, NS as to fat eaten",0.0,0.0,0.19945215449534393,0.1744039428282495,0.27900452339288984,0.0,1.8351492415143464,0.000930646896351358,0.0,0.07928233023690852,0.27598186944470343,0.018960983095487452,0.0,0.0017102269712817569,0.019711041250899636
"221 - Pork chop, broiled or baked, lean only eaten",0.0,0.4063060245832877,0.26712388104671586,0.15511929387774887,0.0,0.0,0.14159662223859235,3.31269217304699,0.0,0.4395757235177873,0.0,0.19153275176957413,0.0,0.0,0.9628466785332866
"222 - Pork steak or cutlet, broiled or baked, lean only eaten",0.5049685943053439,0.18517959401570833,0.11423268077150937,0.5074716294149495,0.16540291542005037,0.0,0.0,0.3800495429501502,0.0,0.06892716099261058,0.23705673586717638,0.03754097328980954,0.0,0.0,0.0
"223 - Ham, smoked or cured, cooked, NS as to fat eaten",0.646990345277625,0.9807457353561612,0.0,0.24346855586071495,0.0,0.1653043115363837,0.5943952844527991,1.0154782756200709,0.0,0.1164934290058945,0.0,0.0,0.13692221379828812,0.007186109739546443,0.0
"224 - Pork roast, NS as to cut, cooked, lean only eaten",0.6690336128500741,0.2613624106381242,0.0176264423352442,0.25470957423440554,0.0,0.0,0.0,0.63940107350184,0.0,0.260370064041009,0.0,0.0,0.0,0.0,0.0
"226 - Pork bacon, NS as to fresh, smoked or cured, cooked",0.1115884822728499,1.3041398806151334,0.0,0.5566204437935823,0.22860939224279206,0.4526856696249332,0.7919634300863284,1.0260882538737666,0.0,0.3668992122107118,0.0,0.0,0.8619946123608774,0.0,0.7142910759178854
"227 - Pork, spareribs, cooked, lean only eaten",0.0,0.534009321442765,0.11529502696604828,0.738231243347692,0.41668360030902585,0.0,0.9858448107071525,0.6402126831519118,0.5155624373330722,0.06545434077560139,0.21418061196558413,0.0,0.20564821740479983,0.0,0.0
"231 - Lamb chop, NS as to cut, cooked, lean only eaten",0.2758676494139131,0.0,0.0,0.15466410879475137,0.5228800174377196,0.22563206054319113,0.0,0.1196024572576641,0.0,0.0,0.0,0.0,0.0,0.38756639233158413,0.0
"233 - Venison/deer steak, cooked, NS as to cooking method",0.14393214341457874,0.005625966100112143,0.0,0.10698111036710055,0.03370507217856328,0.0,0.28573056395782365,0.1699066243738611,0.0,0.07330922875723779,0.0,0.03880767720064185,0.08726514366697435,0.017827099830339494,0.0
"241 - Chicken, breast, roasted, broiled, or baked, skin not eaten",3.3623865178806094,0.8121172263215778,5.433971255744483,0.38667098097258956,0.20672316438695776,0.5137819173810563,1.4533276411838734,3.519116566142646,1.8751613778822505,0.0,0.0,0.0,2.562129171087557,0.007299939842999611,0.0
"242 - Turkey, NFS",1.910827656541751,0.0,0.7494104687262672,0.2837831305595076,0.24584839618631643,0.05173046461765864,0.0,1.4806547438043118,0.32725983983834994,0.0,0.0,0.33255620843913203,0.0,0.0,0.20969856250698385
"251 - Beef liver, fried",0.0,0.0,0.16101508981970106,0.23904598754974096,0.15550910953775537,0.0,0.18823151055549564,0.0,0.034463955768942886,0.04165749404450928,0.1618150119743094,0.0,0.0,0.1311097557106451,0.04449868177462161
"252 - Ham, sliced, prepackaged or deli, luncheon meat",0.27497635965906647,8.483024588623806,1.5490085171993817,2.064663031486259,0.42817158803413985,1.6239944103924733,0.0,0.41917814358968947,0.9374226583215044,0.012981509724212107,0.0,0.1233177643587213,0.0,0.0,0.10160922634138415
"261 - Salmon, baked or broiled",6.30482541560917,0.0,2.20961507945249,0.0,0.7051109430828387,0.0,0.0,1.044594416736018,0.6774945900685464,0.0,0.0,0.020054442603118904,0.0,0.7099526341596044,0.335658090584221
"262 - Squid, breaded, fried",0.3842361075352698,0.0,0.0,0.26275314730256044,0.12505876737170954,0.021462081101961364,0.0,0.0,0.0,0.13213051452257654,0.0,0.0,0.0,0.25660865505021485,0.09098172432936151
"263 - Shrimp, floured, breaded, or battered, fried",1.192211343139116,0.0,1.2638961450047685,0.6449061521112651,0.7274750272843425,0.04410331073817664,0.4574587412544998,0.8409122984695563,0.16997062609970767,0.38438616852561486,0.0,0.0,0.0,0.0,0.2012338821605625
"271 - Chicken or turkey with barbecue sauce, skin not eaten",0.0,5.042185473059131,1.9887264028827563,1.6364381833289618,1.7373099400729686,1.1090491958614719,0.0,0.0,0.05905609637038445,0.0,0.15760954572397892,0.0,0.0,0.532712095525215,0.0
272 - Meat loaf made with beef,0.0,4.567618217594144,0.11551845737996047,0.0,0.6934345811754474,0.08176943760567223,0.0,2.197774880260202,0.551747285021001,0.43740477260537225,0.0,0.0,0.0,0.058605143151410764,0.2594351206669373
273 - Chicken or turkey pot pie,0.0,0.0,0.0,0.0,0.0,0.0,0.0,0.0,0.0,21.375928654578026,0.0,0.0,0.0,0.0,0.0
274 - Tuna salad,5.034191052144988,0.32733971152729485,1.852174481044366,0.31929393267879413,1.4016650646220834,1.1939475940903697,0.0,0.0,0.27656671301106467,0.5304248989998194,0.0,0.0,0.0,0.47112810571129593,0.0
"275 - Double cheeseburger (2 patties), with tomato and/or catsup, on bun",0.0,0.0,0.0,0.0,0.0,0.0,0.0,0.0,0.0,0.0,0.0,0.0,23.615073412631972,0.0,0.0
281 - Chicken and vegetable entree with noodles (diet frozen meal),0.46609758700514203,0.9175487375073408,0.0,0.0,0.351752848426062,0.4430122869103683,0.0,0.0,0.20942505995730726,0.20768888750748046,0.0,0.2578683470764211,0.0,0.0,0.2301676026473896
"283 - Chicken vegetable soup with rice, Mexican style (Sopa / Caldo de Pollo)",0.0,0.0,0.0,0.0,0.0,0.0,0.0,0.0,0.0,0.0,0.0,0.0,0.0,22.745954770495054,0.0
"285 - Gravy, beef or meat",0.0,0.0,0.0,0.0,0.0,0.07141958081825031,0.0,6.014704347777238,0.0,0.0,0.0,0.0,0.0,0.0,0.0
"311 - Egg, whole, fried",2.0490340435939074,2.155635161151116,0.21406089516894267,0.5536085829585227,0.6077547447836447,0.20034572017937696,1.4024944364325649,1.2095167426784228,0.49265911176359717,0.8083336458738595,0.31324073669609054,0.757644141945493,0.0,0.21824416021236784,1.6826933573145657
"321 - Egg omelet or scrambled egg, fat added in cooking",0.0,0.8211322570429471,0.0,0.5598879183213524,0.06879846968553864,1.1307444355134806,9.811421745093506,1.679938552655499,0.0,0.1457390929442315,0.0,0.0,0.8855323042506626,0.0,0.521237158395751
"322 - Egg, cheese, and ham on English muffin",0.0,0.6209952509539758,0.0,0.36113829275266707,0.09389619162770936,0.47420832999890467,0.0,0.0,0.0,0.4111063788619578,0.0,0.0,1.4761106756705806,0.0,0.38123913514506697
"324 - Egg white omelet or scrambled egg, fat added in cooking",0.5076181702127417,0.0,0.25792458694958453,0.0,0.0,0.30148024416483155,0.08579736071889539,0.0,0.0,0.0,0.0,0.0,0.0,0.0,0.0
"332 - Scrambled egg, made from cholesterol-free frozen mixture",0.4580920442274629,0.0,0.05439045957862769,0.0,0.0,0.0,0.0,0.07718125431301154,0.0,0.0,0.0,0.053898106930634584,0.0,0.0,0.16342032420956162
"411 - Pinto, calico, or red Mexican beans, dry, cooked, fat added in cooking",0.0,0.0,0.0,0.0,0.0,0.0,11.056105327397301,0.0,0.4429998160796084,0.08906095869136932,0.0,0.0,0.0,0.39819011488853834,0.0
412 - Refried beans,0.0,0.6585472561210969,0.0,0.26850658023953167,0.217598405556956,0.0,9.668015585608648,0.0,0.0,0.0,0.0,0.0,0.0,0.0,0.0
"413 - Lentils, dry, cooked, fat added in cooking",1.1416586384939433,0.0,0.0,0.0,0.26595884081802035,0.0,0.6132158801987564,0.0,0.086736277199614,0.0,0.281411153368889,0.0,0.0,0.6546187920279433,0.0
414 - Soy sauce,2.9447986265306945,0.0,0.5019421231799668,0.08875017976895341,0.5851492493138738,0.0,0.0,0.18025423878960808,0.7385317636973231,0.3143276090652594,0.0,0.23557853543205054,0.0,0.15383614538884605,0.0
416 - Lentil soup,3.1055677744431556,0.0,0.0,0.0,0.1406300836000928,0.0,0.0,0.0,0.0,0.0,0.0,0.2119109286408083,0.0,1.186938564365736,0.0
"418 - Vegetarian burger or patty, meatless, no bun",2.125664903546988,0.018711592345830128,0.002509367916184154,0.1034564565220888,0.0,0.09788419983485099,0.0,0.0,0.0,0.0,0.0,0.0,0.0,0.0,0.0
"421 - Almonds, NFS",6.68621893547424,0.24351449348541776,0.2481002669471519,0.33500237630343566,0.39080912024081077,0.0,0.44475097478542885,0.0,0.03161794500815123,0.31164940783503126,0.0,0.0,0.0,0.0,0.024148062971611966
422 - Peanut butter,3.7024656711081705,1.5902768712098756,0.0,0.2844235572688005,0.0,0.0,0.0,0.08682821402424512,0.0,0.4615700245513137,0.0007695222079727049,0.03705832379617296,0.03847376186426038,0.0,0.1152476702525791
"424 - Coconut milk (liquid expressed from grated coconut meat, water added)",0.2655715105278341,0.0,0.29159928148371406,0.0,0.12848375110230945,0.0,0.0,0.0,0.013297923184683903,0.0,0.0,0.0,0.0,0.0,0.027472954781748687
425 - Nut mixture with dried fruit and seeds,0.6126939755521259,0.0,0.18609217229345446,0.09129950977951541,0.1893151526708633,0.0,0.0,0.0,0.05869157538651167,0.0165587988477359,0.0,0.13467591669849194,0.21962437014715913,0.0,0.0
431 - Flax seeds,1.291301620882482,0.03577142670472052,0.24472081268807497,0.0003825614198445134,0.0,0.0,0.036503410481110075,0.0,0.23449244015512333,0.0,0.14960508301677425,0.07191430693680839,0.20690306890081947,0.06385860477255728,0.0
"511 - Roll, white, soft",0.25812460137045545,7.825027031882051,2.14952123889081,1.5290058371816357,1.002520952330387,1.0837203874307593,1.6808014714744595,1.105518426590331,0.5581287324643209,0.548522821145772,0.6634532034045049,0.08109231815019367,1.104632837761608,0.33920837673720566,0.8401877671367242
"512 - Bread, whole wheat, 100%",0.89791344385294,0.0,0.35316950855178764,0.00842761849750045,0.1874660781022668,0.0,0.0,0.00723816077413922,0.09653164953857005,0.0,0.0,0.076855911239407,0.0,0.0,0.0
"513 - Bread, wheat or cracked wheat",6.717430373719325,2.612858785266591,2.1077040849825988,0.0,0.6311130393074369,0.5920362444811754,0.0,0.6011543308327403,1.0389660417374362,0.5711131783719198,0.06483606280276959,0.508705944176229,0.0,0.40474368862269433,0.12047463505704262
"514 - Bread, rye",1.7665454955871638,0.43000050675238305,0.0,0.0725934222411321,0.06949805729980056,0.0,0.0,0.27161208325374153,0.02033295987346006,0.0,0.0,0.016732474086140914,0.0,0.0,0.4189772894126535
"515 - Bread, oatmeal",0.44268735150208754,0.07570793570998438,0.0,0.0,0.0,0.0,0.0,0.019260875475834455,0.16593710327351294,0.0,0.0,0.0,0.0,0.0,0.07209465661349955
"516 - Bread, multigrain",3.0740992746831806,0.24855421255561633,0.0,0.20035649563367264,0.0,0.0,0.0,0.0,0.0,0.23513191833622754,0.0,0.0,0.0,0.0,0.4018769067116497
"521 - Biscuit, baking powder or buttermilk type, commercially baked",0.0,0.9635705451550387,0.0,0.0,0.8635755021444489,0.0,0.34695184554845937,2.431133080285027,0.0,0.0,0.0,0.0,1.0539733921881487,0.0,0.0
"522 - Tortilla, corn",0.0,0.0,0.0,0.0,0.0,0.0,16.76749958751701,0.0,0.0,0.0,0.0,0.22615921314871826,0.0,1.8810912667486888,0.0
"523 - Muffin, fruit and/or nuts",1.328469434884986,1.0924714185096773,0.0027705189064156166,0.0,0.5665785249245461,0.021266965484896642,0.0,0.12971652800873607,0.23942163508024708,0.4043868648507215,0.0,0.0,0.0,0.06141811264399404,0.04950823952378368
"524 - Bread, fruit, without nuts",0.9937442864233061,0.7070113747138176,0.0,0.0,0.0,0.0,0.0,0.0,0.06657194567764556,0.02060923668429696,0.07040064903856445,0.0,0.0,0.0,0.0
"531 - Cake, chocolate, devil's food, or fudge, with icing, coating, or filling, made from home recipe or purchased ready-to-eat",0.9399351843059419,4.213610351369138,0.49743458441561084,0.0,1.1345518623462139,0.4428543320359411,0.0,0.9472900272908965,0.6133905701956851,1.158496762504014,0.0,0.0,0.0,0.2162116861652872,0.1919156764817364
"532 - Cookie, chocolate chip",2.1953234329370157,3.6245690589178943,1.009054477607146,0.0,1.0446750157311104,0.3361678069584253,0.7196556786286884,1.1183598728534638,0.45018562306763976,0.5834500213545436,0.4494811873596675,0.2302168577357414,0.5487577829370389,0.2154043223333251,1.0755995690683884
"533 - Pie, apple, two crust",1.2130634084253997,1.4552452817924457,0.0,0.0,0.7843199951319306,0.0,0.0,1.3505503950719375,0.0,0.0,0.0,0.0,0.0,0.0,1.1468178567243448
"534 - Cobbler, peach",0.7148254661528929,0.619937975707764,0.0,0.0,0.33704491461750075,0.0,0.030096706623575626,0.17908697704113788,0.0,0.03750526018706917,0.0,0.0,0.0,0.43453677402695395,0.0
"535 - Doughnut, cake type",1.0354409576693782,3.1453248794062247,0.8846139123144188,0.6454257678521705,0.0,0.9961245318224348,0.22534280315763833,0.0,0.0,0.07077927636018377,0.7330521655863126,0.008952707192187328,1.124448843541701,0.0,0.0
"536 - Coffee cake, crumb or quick-bread type",0.5235470199452014,0.0958791669227775,0.0,0.05883842653551899,0.0,0.07122948585129497,0.0,0.07994527558434145,0.28892284210917624,0.0,0.0,0.0,0.10632448045564427,0.030179369018713594,0.0
"540 - Crackers, NS as to sweet or nonsweet",0.25267633816680346,0.0,0.0,0.0,0.0,0.0,0.0,0.0022133533823643706,0.0,0.09658700617368328,0.0,0.014465395390180217,0.0,0.12141346532041251,0.0
"541 - Cracker, animal",0.6649785693322409,0.4170475340677216,0.0,0.0,0.05370047850476902,0.09558951391519523,0.5152616642896011,0.18478063044408405,0.4517910819903377,0.0,0.010168762158576915,0.1599438170196108,0.0,0.5063712240356716,0.0
"542 - Crackers, saltine, low sodium",0.8527344055931206,0.0,0.344840279260292,0.0,0.0,0.11687345005446524,0.0,0.0,0.3431839040337177,0.1944270477885424,0.10477021352656832,0.17939573510600737,0.0,0.1383359691975078,0.13308514357866946
"543 - Crackers, saltine",2.7985820363452,2.396113499871549,0.0,0.3064509879351348,0.934881544594728,0.0,0.0,0.3521189865150554,0.5153601584890413,0.6038927285466482,0.0,0.5936519370928677,0.09567693556982974,0.4913167853729531,0.0
"544 - Salty snacks, corn or cornmeal base, tortilla chips",2.097485293528434,3.756638827688386,1.0540146861969961,1.4586687831368252,0.3391860489533554,1.5052690206343042,0.3412071594437027,0.0,0.0,0.0,0.0,0.1528243852028003,1.9932046569789428,0.0,0.0
"551 - Pancakes, plain",0.0,1.575739945518876,0.17893331218242042,0.0,0.0,0.22676206011475433,0.51713292928957,0.955608838335631,0.28771074631845395,0.0,0.0,0.0,0.27251710858075306,0.0,0.9381509197002443
"552 - Waffle, plain",0.0,1.1488087606671236,0.0,0.0,0.0,0.5112905953394647,0.0,0.09155202347795617,0.07977279791232783,0.0,0.11614882287086688,0.1003869964267229,0.0,0.058203815155082855,0.5721698252742059
"553 - French toast, plain",0.08282726331663585,0.5381522915788454,0.0,0.0,0.22118771864152664,0.3752306620625185,0.0,0.17506406153034224,0.0,0.0,0.06769156303963762,0.0,0.2807610131816073,0.0,0.5037937783239015
"561 - Spaghetti, cooked, fat not added in cooking",2.524054113456251,0.7264897648115768,0.6068553494715406,0.08231797253790692,0.24239792612633698,0.0,0.0,0.0,0.34067498728476114,0.0,0.0,0.0,0.0,0.5992659886267617,0.0
"562 - Rice, white, cooked, regular, fat not added in cooking",7.369635226516909,0.0,4.874998089680266,0.0,2.121857712375807,0.0,1.1954172548732884,0.0,3.0299730471067665,1.5711647617466515,0.9039191022079062,0.6008099873469813,0.0,1.421610076588423,0.3024953255221756
571 - Cheerios,1.6930679200228116,2.4603614688870876,0.9608379334313197,0.0,0.0,0.0,0.0,0.0,0.8076897646958712,0.11260624668543608,0.19429547251252655,0.0,0.0,0.0,0.583559554027931
572 - Honey Nut Cheerios,3.034386666883383,2.258570685262914,1.2780149159171776,0.0,0.0,0.0678961539211177,0.0,0.0,0.32161492334993924,0.0,0.005509066310082001,0.0,0.1213550005771608,0.0,0.01509260009399991
"573 - Raisin Bran, Kellogg's",3.1555015401692037,2.577700702023032,0.4666191500867289,0.0,0.10757438652608389,0.48579241469976325,0.0,0.11647027782498438,0.3532554385826592,0.09204170497029167,0.018898039023947256,0.0,0.0,0.0,0.49236744812862665
"574 - Shredded Wheat, 100%",1.428230288619321,0.5160864640672862,0.0,0.0,0.0,0.0,0.0,0.07678024400055969,0.10320569212977775,0.13718023005568716,0.05047492979126567,0.006685786293831278,0.0,0.0,0.05151882231507493
581 - Spaghetti with tomato sauce and meatballs or spaghetti with meat sauce or spaghetti with meat sauce and meatballs,0.08909976203018335,8.17984035561468,3.4923559005946103,2.1413656977249826,1.3823901398074598,2.084130517532273,2.5423544178719046,0.0,1.7152546165992641,0.0,0.6130665500814229,0.0,2.7242651217594243,0.21880489020658567,0.519062043918464
583 - Vegetable lasagna (frozen meal),0.425020019726037,0.3966710709818593,0.030626569635263227,0.0629000436669864,0.0,0.20266800849562563,0.0,0.0,0.04217644056989837,0.0,0.0,0.025077461768097473,0.0,0.0,0.0
"584 - Soup, mostly noodles",0.0,0.0,0.0,0.0,0.0,0.0,0.0,0.0,0.0,0.0,0.0,22.554689926552115,0.0,0.0,0.0
"611 - Orange, raw",6.145416840608036,0.0,0.7369413411488478,0.0,0.0,0.0,2.4980582366118314,0.11117430630724948,0.267050133000557,0.0,0.20021418005120672,0.2619002976374009,0.0,2.3465403895490637,0.3959299276201342
"612 - Orange juice, canned, bottled or in a carton",0.0,0.0,0.0,0.0,0.0,0.0,0.0,0.0,0.0,0.0,0.0,0.0,0.0,0.0,25.466760557089238
621 - Raisins,4.225880028583976,0.0,0.0,0.0,0.052692106729350305,0.0,0.0,0.0,0.0,0.0,0.4179723848416333,0.020719056291986795,0.0,0.11323330987230387,0.0
"631 - Banana, raw",11.307716383857233,1.9367863473033895,3.955543688711355,0.0,0.47420869015557704,0.18117230084039404,2.2340723311415074,0.22326755222205208,1.626885819140807,0.952744397238198,0.7828851730947696,0.5357100947952234,0.0,1.4293732121564762,1.9324886436521052
"632 - Strawberries, raw",9.664291233963601,0.0,0.0,0.0,0.0,0.019089107040723592,0.0,0.0,0.0,0.0,0.0,0.0,0.08874556940520734,0.0,0.0
"633 - Fruit salad, fresh or raw, (excluding citrus fruits), no dressing",0.8680516120524973,0.8760626183205025,0.247024311151709,0.0,0.04196940219199852,0.561527789126915,0.0,0.1643051939790987,0.0,0.0,0.02517452703406081,0.668623655582424,0.163182154218628,0.0,0.6381128889677201
"634 - Guacamole, NFS",1.3152134991590547,0.1610930636844769,0.0,0.3019055611317083,0.16385879851970375,0.20380419991973892,2.519697665283655,0.0,0.0,0.0,0.0,0.0,0.0,0.0,0.0
641 - Apple juice,0.0,0.0,0.0,0.0,0.0,0.0,0.0,0.0,25.146337592900796,0.0,0.0,0.0,0.0,0.0,0.0
642 - Mango nectar,0.0,0.0,0.35078038844016224,0.0,0.0,0.5262306939571302,0.15168777052034738,0.0,0.0,0.0,0.5522176872168224,0.0,0.0,0.9829213615162098,0.0
644 - Vinegar,0.6367974455129197,0.0,0.15628425310275326,0.15632519060833697,0.0428562326546205,0.0,0.0,0.05913630535025995,0.0,0.0,0.005309216388166563,0.0,0.0,0.0,0.0
"710 - White potato, NFS",0.29838949518547225,0.0,0.02597446560798135,0.0,0.03517370619315474,0.097086633340444,2.033298927045476,0.0,0.05240835602128297,0.1057031568685632,0.215959797437256,0.39649133434476014,0.0,0.0,0.0
"711 - White potato, boiled, without peel, NS as to fat added in cooking",2.7916104807214093,0.0,0.0,0.7921904695791151,0.0,0.0,0.0,3.468271059292764,0.5817281625976274,0.0,0.2870648237697003,0.0,0.0,0.0,0.15905585398777772
"712 - White potato chips, regular cut",0.0,4.283538128502846,0.3925512236969592,0.8840639000044916,0.3549440965261819,0.7119710444096599,0.0,0.4541292965629646,0.0,0.0015704101286745417,0.0,0.0,1.2026062793426853,0.0,0.11454593014349031
"713 - White potato, scalloped",0.4370356538274344,0.6030572679182981,0.0,0.31777147870348404,0.0,0.12049140468323366,0.0,0.38177173293435096,0.0,0.0,0.0,0.05285241457060075,0.0,0.0,0.0
"714 - White potato, french fries, from frozen, deep fried",0.0,2.0123078545052673,0.0,0.5770697275035809,0.0,0.37077535376742654,0.6902984371112345,0.5611686671934807,0.0,0.10250756471368473,0.0,0.0,14.4158518655411,0.0,0.017829671349029658
"715 - White potato, mashed, NFS",0.0,0.0,0.0,0.0,0.0,0.0,0.0,16.78374048521562,0.0,0.0,0.0,0.0,0.0,0.0,0.0
716 - Potato salad with egg,0.0,1.8423833869767658,0.0,0.4290493807847374,1.2401322813423266,0.0,0.0,0.8664461740464003,0.1093820211302192,0.0,0.0,0.0,0.0,0.0,0.20471912869138323
717 - Potato pancake,0.1171841672173695,0.055539958123295936,0.0,0.0,0.01935814677575557,0.0,0.3109275678912486,0.0,0.0,0.036840731356355794,0.10927562819231884,0.2179670269240347,0.0,0.22950434140474324,0.0
"718 - Potato soup, cream of, prepared with milk",0.4322434582757099,0.003962993380993115,0.0,0.0,0.5740321137806561,0.0,0.0,0.04093015938698976,0.01497022069520182,0.02833248839011099,0.19116197218031203,0.2334026100605863,0.0,0.3071516060808096,0.2255098989770897
"719 - Plantain, fried, NS as to green or ripe",0.060569823028832855,0.0,0.9887571711292087,0.0,0.0,0.0,0.0,0.0,0.7530356395966952,0.37376512556776603,0.6071740213774932,0.13230170946745098,0.0,0.7375941263004352,0.01652508094831941
"721 - Endive, chicory, escarole, or romaine lettuce, raw",6.998368855181768,0.0,0.3808943358447743,0.0,0.23365355697259155,0.0559160389962804,0.0,0.4504441162380507,0.0,0.0,0.35469708872641115,0.0,0.0,0.08526215965794548,0.0
"722 - Broccoli, cooked, from fresh, fat not added in cooking",4.593157809909755,0.0,1.143554152552003,0.0,0.0,0.0,0.0,1.426780647592557,0.4724757447578398,0.0,0.0,0.0,0.0,0.0,0.0
"723 - Broccoli cheese soup, prepared with milk",0.5449843074059499,0.0,0.0,0.09842360172815127,0.2586929277369585,0.07735815431158839,0.0,0.0,0.09084096302837484,0.06143090395136238,0.0,0.09357953065569075,0.0,0.02961353740369499,0.0
"731 - Carrots, raw",6.151570055309576,0.0,1.131589610851114,0.0,0.12742894601996796,0.29761246923314594,0.0,1.2059885744181666,0.08911365197370548,0.03474147234471228,0.09733399352836629,0.36750031368956243,0.0,0.0,0.0
"733 - Squash, winter type, baked, fat added in cooking, no sugar added in cooking",0.6644571842598604,0.0,0.0,0.0,0.0,0.0,0.0,0.0,0.14145836631632722,0.0015053346721246742,0.11424488814206876,0.0,0.0,0.2266579664513199,0.0
"734 - Sweetpotato, baked, peel not eaten, fat not added in cooking",1.8810373436147863,0.0,0.0,0.0,0.9833301961849674,0.0,0.0,0.02288755668683914,0.9658517887302568,0.0,0.6087392823050042,0.0321709158814733,0.0,0.06396949501992402,0.0
"741 - Tomatoes, raw",7.914763167379286,1.923407833039029,2.6433466250440047,0.8218448280526912,0.2962246760533922,0.19332324528943612,1.5042719471684416,0.0,0.0,0.0,0.0,0.0,0.0,0.0,0.0
"742 - Tomatoes, cooked, NS as to form, NS as to method",1.0827661595385032,0.0,0.0945583472470001,0.0506555176414488,0.04179992966340073,0.032887981552217664,0.23008633962814506,0.13119515280400934,0.012663456994784245,0.0,0.0,0.0,0.0,0.04513619166777078,0.0
"743 - Tomato and vegetable juice, mostly tomato",2.016482425063309,0.17318951716532135,0.0,0.506347210780296,0.1809939130211898,0.0,0.0,0.0,0.7640771732163965,0.12727975458491617,0.0,0.4377554883045957,0.0,0.0,0.0
744 - Tomato catsup,0.3701613350885282,2.758167651868179,0.8349268020525423,1.6516097028272818,0.0,1.3002750635157616,4.739056215025469,0.0,0.0,0.0,0.03438831556997898,0.0,2.935608426673492,0.08820307261236762,0.0
"745 - Tomato and cucumber salad made with tomato, cucumber, oil, and vinegar",0.46342800694503544,0.0509251159864984,0.20273841632434417,0.09971815672076877,0.0,0.0807489692983173,0.02369311630184294,0.0,0.0,0.0,0.0,0.0,0.0,0.20234817951817077,0.09456571551779672
"746 - Tomato soup, NFS",1.53250547118482,0.33275930054590314,0.0,0.0,0.0,0.0,0.12988499206544848,0.19547937035008672,0.0,0.0,0.0,0.06544177293947746,0.0,0.3959954352669176,0.0
"751 - Lettuce, raw",8.704513928233705,2.7281246074992462,2.8623141302221695,1.3450508068208473,0.37139476117566284,0.5575492102602394,1.8549258188153215,0.0,0.0,0.0,0.32654138731258586,0.0,0.0,0.008095863289628264,0.0
"752 - Corn, yellow, cooked, from fresh, fat not added in cooking",6.401914773568628,0.08395191390055287,1.4058230396013027,0.0,1.2602680653192864,0.0,0.4641185619406418,7.690256072140628,1.2184533391054186,0.0,0.0,0.0,0.0,0.009588542544128482,0.0
"753 - Mixed vegetables (corn, lima beans, peas, green beans, and carrots), cooked, from frozen, fat not added in cooking",2.568547861908932,0.10923126754433214,1.567365781774614,0.0,0.07358689291203264,0.0,0.0,0.8826996879868205,0.09036072840968004,0.0,0.0,0.0,0.0,0.007748082768742745,0.23872943796248222
"754 - Onion rings, NS as to form, batter-dipped, baked or fried",1.042470099057897,0.4470318738235786,0.1761638099525984,0.09619734745266002,0.38211213933770843,0.0,0.7401604810995197,0.9434095155018525,0.6207227993871638,0.0,0.008047794700872057,0.09452230856113633,0.32690722566267644,0.4429389196014949,0.3335248825956756
755 - Mustard,2.308615041273643,3.2849991024746705,0.37607328286848213,1.4133839885091002,0.248203065982071,0.08233283402024809,0.0,0.0,0.011926643596816704,0.0,0.0,0.0,0.0682582830257569,0.0,0.0
"756 - Vegetable soup, home recipe",3.4801959003162564,0.0,0.0,0.0,1.5525003521853369,0.0,0.14765501975985976,0.0,0.6213998118206662,0.05523896140462264,0.32009829587027294,0.6003748915741833,0.0,1.1285219469712922,0.2070213869038123
"781 - Vegetable and fruit juice blend, 100% juice, with high vitamin C plus added vitamin E and vitamin A",0.2795582213777067,0.09151924085312313,0.0,0.0,0.13730159260729377,0.0,0.0,0.0,0.13120067926900764,0.0,0.37563343597284904,0.0,0.0,0.33934470593466626,0.0
"811 - Butter, stick, salted",2.2492337515624072,2.590561934996388,0.0,0.2589225707571583,0.29339766524837063,0.0,0.0,2.392448924706754,0.3552391436689602,0.30617759683892604,0.0,0.09473760502545811,0.0,0.0,0.9425819572309794
813 - Tartar sauce,0.8567743943693256,0.17369027303442494,0.13567101096803671,0.06953201659729841,0.07293566620476745,0.0,0.0,0.23577591317691654,0.0,0.051276568067685845,0.0,0.0,0.4017719481380203,0.0,0.05987259202344611
821 - Olive oil,1.1119072526813756,0.0,0.0,0.025807783193920027,0.15621779647474,0.0,0.0,0.0,0.16351961422613878,0.0,0.01121114626685497,0.02549121322281203,0.0,0.07246921371059421,0.012331082272841838
"831 - Mayonnaise, regular",4.657488392308333,3.1787617278303504,1.4190724921492048,0.9785469701433812,0.11870253154788395,0.6069578390422086,0.0,0.10174479899821716,0.0,0.0,0.0,0.0,0.6043246713416558,0.0,0.0
"832 - Mayonnaise, low-calorie or diet",4.473340191787607,0.33898894745407643,0.7141784715613718,0.0,0.0,0.0034045405145459087,0.0,0.0,0.0,0.0,0.0,0.0,0.0,0.0,0.0
"911 - Sugar, white, granulated or lump",0.0,2.5394198580552056,1.0021194280780898,0.19950394542555602,1.1592129814844772,0.20024556752132266,2.0222375541171793,0.468430036622408,0.15543683289927385,0.9336758829997145,0.8443799638776485,0.2577686498897447,0.0,0.7861095653034174,0.0
"912 - Sugar substitute, saccharin-based, dry powder and tablets",0.32903464856816866,0.6099897177010273,0.0,0.0,0.6467503213858009,0.0,0.23222975310562943,0.1771769719350411,0.0,0.043972885691980615,0.0,0.010881597988181217,0.0,0.0,0.0
913 - Honey,0.8769625143869528,2.764382336358389,0.0,0.0,0.7125383383889624,0.3635768442266054,0.0,0.5958984581063933,0.6333743961211421,0.0,0.21744384634095065,0.0,0.13547784050896447,0.0,1.048580549456291
"914 - Jelly, all flavors",2.1334820416766704,1.5835994241435474,0.0,0.0,0.07263947750154673,0.21954409132037608,0.0,0.31855335409342206,0.19428600725491216,0.42962465115680076,0.24040594388336775,0.38702995278808905,0.0,0.0,0.3404383563361365
915 - Gelatin dessert,0.8622469675644303,0.07507123900393174,0.5637673549955953,0.0,0.0,0.6842175738351093,0.1394357436997691,0.34167760715394563,0.0,0.0,0.043118357353507046,0.0,0.0,0.2370275735373227,0.3572032092220682
916 - Ice pop,0.10145074376973759,0.7085070503999422,0.1281300521650538,0.0,0.0,0.7235931476568946,0.0,0.0,0.0,0.0,0.0,0.034757916339786525,1.141311006537297,0.03093039708923131,0.0
917 - Hard candy,2.2683650102337687,3.206326816258711,0.9317660850688575,0.0,0.6316637034718976,0.8890188256098474,0.0,0.7034552524415899,0.5172430594663814,0.6554949377666544,0.04544121355552803,0.2504824275949077,1.757877822761707,0.24010378575516875,0.24493978956870166
"918 - Chewing gum, NFS",0.15206871253482585,0.1144603971234809,0.26336459666987333,0.19106272908471258,0.08904524254848245,0.16523733184483153,0.1056117357217028,0.0,0.14258545500261705,0.0,0.024191341178100297,0.0,0.2394461656269085,0.01378104115768445,0.0
"921 - Coffee, made from ground, regular",8.496969733755094,8.990831926444228,1.497421979441383,1.6148021780743318,0.0,0.0,4.741243372934798,1.9212234952942733,0.0,2.212504320951892,0.0,0.4106746298750524,0.0,1.8049299257428193,0.0
"923 - Tea, leaf, unsweetened",0.0,0.0,0.0,0.0,25.951474495518212,0.0,0.0,0.0,0.0,0.0,0.0,0.0,0.0,0.0,0.0
"924 - Soft drink, cola-type",0.0,11.51853289632414,2.6462341421703623,0.8257975946664322,0.0,0.0,4.35425296679523,1.750519622810741,0.0,1.1975070337231333,0.0,0.0,8.736694782116809,0.30384662572610643,0.0
"925 - Fruit juice drink, with high vitamin C",0.0,0.0,0.0,0.0,0.0,31.909701763594178,0.0,0.0,0.0,0.0,0.0,0.0,0.0,0.0,0.0
926 - Red Bull Energy Drink,0.0,0.0,0.1507001428285625,0.43500888144089145,0.0,0.0,4.886712006712478,0.0,0.0,0.0,0.3245932280314497,0.0,1.3621157584437817,0.0765263329470341,0.0
928 - Nonalcoholic malt beverage,0.14755410497085997,0.274463875873313,0.09848661498786707,0.0,0.03484794514387389,0.0,0.0,0.016635012331836237,0.31588674089895497,0.074845706293276,0.0,0.0,0.0,0.09774390543106358,0.07665989381102103
931 - Beer,0.0,0.0,0.0,28.679997507556834,0.0,0.0,0.0,0.0,0.0,0.0,0.0,0.0,0.0,0.0,0.0
933 - Rum and cola,1.5342411026715395,0.18048201365351546,0.14566502960702907,1.7802332319881615,0.0,0.6190593684827839,0.0,0.156604460895351,0.0,0.0,0.0,0.0,0.8018549228772281,0.0,0.06486299670719493
"934 - Wine, table, red",10.768061237758875,0.0,0.0,0.9807555152150287,0.0,0.0,0.0,0.0,0.0,0.0,0.0,0.0,0.0,0.0,0.0
935 - Vodka,1.420384629981739,0.16411250929788526,0.0,2.7468812343342135,0.0,0.8636393000048929,0.0,0.2685763418601837,0.5574672603193511,0.12082062370262897,0.0,0.0,1.2254571770133662,0.0,0.26214689407688413
"940 - Water, tap",14.22881318351333,8.680489092387118,0.0,2.346594398507112,0.0,0.0,1.3273528205897507,1.5135412027278192,1.7928063406491674,0.9263274671826094,0.6679832918441515,1.5535184686421697,1.856819342244254,0.29125662839921673,0.0
"941 - Water, bottled, unsweetened",0.0,0.0,27.24485981365431,0.0,0.0,0.0,0.0,0.0,0.0,0.0,0.0,0.0,0.0,0.0,0.0
942 - Glaceau Water,0.0,0.46554078769355073,0.589519835795227,0.08932564828158181,0.0,0.6350151107184725,0.08843806677817038,0.0,0.3749337566776823,0.0,0.0,0.0,0.724182229782844,0.0,0.0
