food_group,risk_diarrhea,risk_constipation
"111 - Milk, cow's, fluid, 2% fat",34,64
"112 - Milk, evaporated, whole (formerly NS as to dilution, used in coffee or tea)",52,66
"113 - Milk, soy, ready-to-drink, not baby's",37,64
"114 - Yogurt, fruit variety, lowfat milk",1,60
115 - Cafe con leche,51,75
"116 - Meal supplement or replacement, commercially prepared, ready-to-drink",52,66
"118 - Cocoa (or chocolate) flavored beverage powder with sugar, dry mix, not reconstituted",49,66
"121 - Cream, half and half",44,62
"122 - Cream substitute, powdered",49,65
123 - Sour cream,52,64
"131 - Ice cream, regular, flavors other than chocolate",51,58
"132 - Pudding, rice",49,65
"134 - White sauce, milk sauce",52,65
"140 - Cheese, NFS",52,63
"141 - Cheese, natural, Cheddar or American type",43,60
"142 - Cheese, cottage, lowfat (1-2% fat)",39,63
"143 - Cheese, cream",52,64
"144 - Cheese, processed, American or Cheddar type",60,61
"146 - Dip, cheese base other than cream cheese",53,64
"210 - Beef, NS as to cut, cooked, NS as to fat eaten",51,66
"211 - Beef steak, broiled or baked, lean only eaten",46,67
"213 - Beef, shortribs, cooked, lean only eaten",53,66
"214 - Beef, roast, roasted, lean only eaten",53,64
"215 - Ground beef or patty, cooked, NS as to percent lean (formerly NS as to regular, lean, or extra lean)",59,60
216 - Beef jerky,52,65
"220 - Pork, NS as to cut, cooked, NS as to fat eaten",51,67
"221 - Pork chop, broiled or baked, lean only eaten",52,65
"222 - Pork steak or cutlet, broiled or baked, lean only eaten",51,64
"223 - Ham, smoked or cured, cooked, NS as to fat eaten",51,64
"224 - Pork roast, NS as to cut, cooked, lean only eaten",50,64
"226 - Pork bacon, NS as to fresh, smoked or cured, cooked",54,63
"227 - Pork, spareribs, cooked, lean only eaten",53,64
"231 - Lamb chop, NS as to cut, cooked, lean only eaten",51,65
"233 - Venison/deer steak, cooked, NS as to cooking method",52,65
"241 - Chicken, breast, roasted, broiled, or baked, skin not eaten",44,67
"242 - Turkey, NFS",44,64
"251 - Beef liver, fried",53,65
"252 - Ham, sliced, prepackaged or deli, luncheon meat",68,56
"261 - Salmon, baked or broiled",24,65
"262 - Squid, breaded, fried",51,65
"263 - Shrimp, floured, breaded, or battered, fried",48,66
"271 - Chicken or turkey with barbecue sauce, skin not eaten",63,62
272 - Meat loaf made with beef,57,62
273 - Chicken or turkey pot pie,61,70
274 - Tuna salad,32,65
"275 - Double cheeseburger (2 patties), with tomato and/or catsup, on bun",80,41
281 - Chicken and vegetable entree with noodles (diet frozen meal),51,65
"283 - Chicken vegetable soup with rice, Mexican style (Sopa / Caldo de Pollo)",51,79
"285 - Gravy, beef or meat",53,65
"311 - Egg, whole, fried",42,63
"321 - Egg omelet or scrambled egg, fat added in cooking",45,70
"322 - Egg, cheese, and ham on English muffin",56,63
"324 - Egg white omelet or scrambled egg, fat added in cooking",51,66
"332 - Scrambled egg, made from cholesterol-free frozen mixture",50,65
"411 - Pinto, calico, or red Mexican beans, dry, cooked, fat added in cooking",39,75
412 - Refried beans,42,73
"413 - Lentils, dry, cooked, fat added in cooking",46,66
414 - Soy sauce,39,65
416 - Lentil soup,38,65
"418 - Vegetarian burger or patty, meatless, no bun",43,64
"421 - Almonds, NFS",23,62
422 - Peanut butter,38,62
"424 - Coconut milk (liquid expressed from grated coconut meat, water added)",51,66
425 - Nut mixture with dried fruit and seeds,50,65
431 - Flax seeds,47,65
"511 - Roll, white, soft",64,60
"512 - Bread, whole wheat, 100%",49,65
"513 - Bread, wheat or cracked wheat",27,63
"514 - Bread, rye",45,64
"515 - Bread, oatmeal",51,65
"516 - Bread, multigrain",39,63
"521 - Biscuit, baking powder or buttermilk type, commercially baked",54,64
"522 - Tortilla, corn",33,81
"523 - Muffin, fruit and/or nuts",47,64
"524 - Bread, fruit, without nuts",49,64
"531 - Cake, chocolate, devil's food, or fudge, with icing, coating, or filling, made from home recipe or purchased ready-to-eat",53,63
"532 - Cookie, chocolate chip",45,63
"533 - Pie, apple, two crust",46,64
"534 - Cobbler, peach",50,65
"535 - Doughnut, cake type",56,62
"536 - Coffee cake, crumb or quick-bread type",51,65
"540 - Crackers, NS as to sweet or nonsweet",52,65
"541 - Cracker, animal",49,65
"542 - Crackers, saltine, low sodium",49,65
"543 - Crackers, saltine",43,62
"544 - Salty snacks, corn or cornmeal base, tortilla chips",55,58
"551 - Pancakes, plain",53,64
"552 - Waffle, plain",54,64
"553 - French toast, plain",53,65
"561 - Spaghetti, cooked, fat not added in cooking",42,65
"562 - Rice, white, cooked, regular, fat not added in cooking",18,71
571 - Cheerios,48,64
572 - Honey Nut Cheerios,43,64
"573 - Raisin Bran, Kellogg's",42,62
"574 - Shredded Wheat, 100%",47,64
581 - Spaghetti with tomato sauce and meatballs or spaghetti with meat sauce or spaghetti with meat sauce and meatballs,69,59
583 - Vegetable lasagna (frozen meal),52,65
"584 - Soup, mostly noodles",48,66
"611 - Orange, raw",21,66
"612 - Orange juice, canned, bottled or in a carton",10,57
621 - Raisins,33,63
"631 - Banana, raw",0,65
"632 - Strawberries, raw",9,60
"633 - Fruit salad, fresh or raw, (excluding citrus fruits), no dressing",50,64
"634 - Guacamole, NFS",45,66
641 - Apple juice,43,62
642 - Mango nectar,53,67
644 - Vinegar,50,65
"710 - White potato, NFS",49,67
"711 - White potato, boiled, without peel, NS as to fat added in cooking",41,62
"712 - White potato chips, regular cut",62,60
"713 - White potato, scalloped",52,64
"714 - White potato, french fries, from frozen, deep fried",73,48
"715 - White potato, mashed, NFS",53,63
716 - Potato salad with egg,54,64
717 - Potato pancake,52,66
"718 - Potato soup, cream of, prepared with milk",50,66
"719 - Plantain, fried, NS as to green or ripe",53,67
"721 - Endive, chicory, escarole, or romaine lettuce, raw",21,62
"722 - Broccoli, cooked, from fresh, fat not added in cooking",32,64
"723 - Broccoli cheese soup, prepared with milk",50,65
"731 - Carrots, raw",26,63
"733 - Squash, winter type, baked, fat added in cooking, no sugar added in cooking",50,65
"734 - Sweetpotato, baked, peel not eaten, fat not added in cooking",43,65
"741 - Tomatoes, raw",21,63
"742 - Tomatoes, cooked, NS as to form, NS as to method",48,65
"743 - Tomato and vegetable juice, mostly tomato",44,63
744 - Tomato catsup,57,61
"745 - Tomato and cucumber salad made with tomato, cucumber, oil, and vinegar",51,65
"746 - Tomato soup, NFS",46,65
"751 - Lettuce, raw",19,61
"752 - Corn, yellow, cooked, from fresh, fat not added in cooking",22,63
"753 - Mixed vegetables (corn, lima beans, peas, green beans, and carrots), cooked, from frozen, fat not added in cooking",42,66
"754 - Onion rings, NS as to form, batter-dipped, baked or fried",47,65
755 - Mustard,49,59
"756 - Vegetable soup, home recipe",34,65
"781 - Vegetable and fruit juice blend, 100% juice, with high vitamin C plus added vitamin E and vitamin A",51,66
"811 - Butter, stick, salted",44,61
813 - Tartar sauce,50,64
821 - Olive oil,47,65
"831 - Mayonnaise, regular",40,60
"832 - Mayonnaise, low-calorie or diet",33,64
"911 - Sugar, white, granulated or lump",54,68
"912 - Sugar substitute, saccharin-based, dry powder and tablets",51,65
913 - Honey,50,63
"914 - Jelly, all flavors",45,63
915 - Gelatin dessert,49,66
916 - Ice pop,55,64
917 - Hard candy,49,62
"918 - Chewing gum, NFS",53,65
"921 - Coffee, made from ground, regular",24,58
"923 - Tea, leaf, unsweetened",28,78
"924 - Soft drink, cola-type",76,54
"925 - Fruit juice drink, with high vitamin C",93,63
926 - Red Bull Energy Drink,49,68
928 - Nonalcoholic malt beverage,52,65
931 - Beer,100,0
933 - Rum and cola,51,60
"934 - Wine, table, red",5,57
935 - Vodka,53,57
"940 - Water, tap",3,45
"941 - Water, bottled, unsweetened",73,100
942 - Glaceau Water,55,65
